{"p_err": [0.01, 0.02, 0.03, 0.04, 0.05, 0.060000000000000005, 0.06999999999999999, 0.08, 0.09, 0.09999999999999999, 0.11, 0.12, 0.13, 0.14, 0.15000000000000002, 0.16, 0.17, 0.18000000000000002, 0.19, 0.2, 0.21000000000000002, 0.22, 0.23, 0.24000000000000002, 0.25, 0.26, 0.27, 0.28, 0.29000000000000004, 0.3], "logical_err": [0.001, 0.0, 0.005, 0.006, 0.017, 0.026, 0.036, 0.059, 0.076, 0.104, 0.112, 0.147, 0.174, 0.23, 0.236, 0.267, 0.272, 0.322, 0.355, 0.359, 0.421, 0.389, 0.476, 0.51, 0.485, 0.528, 0.561, 0.547, 0.571, 0.598]}
