{"p_err": [0.01, 0.02, 0.03, 0.04, 0.05, 0.060000000000000005, 0.06999999999999999, 0.08, 0.09, 0.09999999999999999, 0.11, 0.12, 0.13, 0.14, 0.15000000000000002, 0.16, 0.17, 0.18000000000000002, 0.19, 0.2, 0.21000000000000002, 0.22, 0.23, 0.24000000000000002, 0.25, 0.26, 0.27, 0.28, 0.29000000000000004, 0.3], "logical_err": [0.0, 0.007, 0.015, 0.025, 0.033, 0.045, 0.064, 0.093, 0.106, 0.144, 0.115, 0.143, 0.155, 0.191, 0.212, 0.235, 0.262, 0.259, 0.291, 0.311, 0.342, 0.359, 0.399, 0.414, 0.415, 0.46, 0.453, 0.485, 0.488, 0.509]}
