{"p_err": [0.01, 0.02, 0.03, 0.04, 0.05, 0.060000000000000005, 0.06999999999999999, 0.08, 0.09, 0.09999999999999999, 0.11, 0.12, 0.13, 0.14, 0.15000000000000002, 0.16, 0.17, 0.18000000000000002, 0.19, 0.2, 0.21000000000000002, 0.22, 0.23, 0.24000000000000002, 0.25, 0.26, 0.27, 0.28, 0.29000000000000004, 0.3], "logical_err": [0.0, 0.0, 0.0, 0.001, 0.002, 0.011, 0.017, 0.017, 0.038, 0.06, 0.087, 0.118, 0.162, 0.201, 0.229, 0.31, 0.34, 0.349, 0.397, 0.448, 0.467, 0.516, 0.547, 0.586, 0.603, 0.611, 0.633, 0.668, 0.677, 0.703]}
