{"p_err": [0.01, 0.02, 0.03, 0.04, 0.05, 0.060000000000000005, 0.06999999999999999, 0.08, 0.09, 0.09999999999999999, 0.11], "logical_err": [0.0, 0.0009, 0.0038, 0.0093, 0.0174, 0.026, 0.04, 0.0569, 0.0685, 0.0972, 0.1184]}
