{"p_err": [0.01, 0.02, 0.03, 0.04, 0.05, 0.060000000000000005, 0.06999999999999999, 0.08, 0.09, 0.09999999999999999, 0.11], "logical_err": [0.0, 0.0, 0.0002, 0.0022, 0.0039, 0.0073, 0.0166, 0.0271, 0.0392, 0.0625, 0.09]}
