{"p_err": [0.01, 0.02, 0.03, 0.04, 0.05, 0.060000000000000005, 0.06999999999999999, 0.08, 0.09, 0.09999999999999999, 0.11, 0.12, 0.13, 0.14, 0.15000000000000002, 0.16, 0.17, 0.18000000000000002, 0.19, 0.2, 0.21000000000000002, 0.22, 0.23, 0.24000000000000002, 0.25, 0.26, 0.27, 0.28, 0.29000000000000004, 0.3], "logical_err": [0.0, 0.001, 0.001, 0.004, 0.002, 0.015, 0.019, 0.04, 0.061, 0.087, 0.1, 0.135, 0.148, 0.19, 0.242, 0.279, 0.316, 0.351, 0.368, 0.384, 0.419, 0.452, 0.515, 0.542, 0.568, 0.575, 0.584, 0.627, 0.617, 0.643]}
