{"p_err": [0.01, 0.02, 0.03, 0.04, 0.05, 0.060000000000000005, 0.06999999999999999, 0.08, 0.09, 0.09999999999999999, 0.11], "logical_err": [0.0, 0.0004, 0.001, 0.0028, 0.0085, 0.0144, 0.0232, 0.0396, 0.0599, 0.076, 0.0998]}
