{"p_err": [0.01, 0.02, 0.03, 0.04, 0.05, 0.060000000000000005, 0.06999999999999999, 0.08, 0.09, 0.09999999999999999, 0.11], "logical_err": [0.0, 0.0, 0.0002, 0.0006, 0.002, 0.0032, 0.0088, 0.0187, 0.0335, 0.0523, 0.0753]}
