{"p_err": [0.01, 0.02, 0.03, 0.04, 0.05, 0.060000000000000005, 0.06999999999999999, 0.08, 0.09, 0.09999999999999999, 0.11, 0.12, 0.13, 0.14, 0.15000000000000002, 0.16, 0.17, 0.18000000000000002, 0.19, 0.2, 0.21000000000000002, 0.22, 0.23, 0.24000000000000002, 0.25, 0.26, 0.27, 0.28, 0.29000000000000004, 0.3], "logical_err": [0.001, 0.01, 0.011, 0.021, 0.046, 0.049, 0.065, 0.065, 0.08, 0.124, 0.14, 0.158, 0.167, 0.172, 0.214, 0.23, 0.251, 0.272, 0.318, 0.354, 0.346, 0.361, 0.381, 0.422, 0.421, 0.415, 0.453, 0.467, 0.489, 0.524]}
